product_name,inventory_quantity,warehouse_number,on_order_quantity
RSPCA Approved Chicken Necks,67,1,135
RSPCA Approved Chicken Livers,478,1,107
RSPCA Approved Chicken Giblets,247,1,68
RSPCA Approved Chicken Frames,763,4,200
RSPCA Chicken Schnitzel Plain Crumb,692,1,128
RSPCA Approved Chicken Breast Kiev Garlic Butter,758,1,191
RSPCA Approved Chicken Breast Schnitzel Plain Crumb,171,1,197
RSPCA Approved Chicken Breast Fillet Crumb Sage & Rosemary,692,3,170
RSPCA Approved Chicken Tenders Southern Fried,269,4,78
RSPCA Approved Chicken Burgers Plain Crumb,173,1,167
RSPCA Approved Chicken Breast Schnitzel Garlic & Herb Crumb,97,2,122
RSPCA Approved Chicken Popcorn Southern Fried,160,2,209
Beef 4 Star Lean Mince,638,2,181
Beef 5 Star Extra Lean Mince,144,4,79
Beef 3 Star Regular Mince,64,2,66
Beef Mince Family Pack,727,4,123
Graze Grass Fed Beef Mince,439,4,96
Veal Mince,768,3,95
Kangaroo Mince,361,2,174
Turkey Breast Roast,60,2,71
Pork & Beef 3 Star Mince Bolognese,46,1,114
Pork Regular Mince,750,3,50
Extra Lean Pork Mince,48,4,97
Corned Silverside,257,3,2
No Added Hormone Peppered Beef Steaks,739,1,170
Beef Blade Roast,46,1,125
Lean Salt Reduced Beef Corned Silverside,457,4,213
No Added Hormone Beef Brisket Slow Cook,513,1,64
No Added Hormone Beef Roast Topside,349,1,30
Beef Ribs,495,1,7
Beef Roast & Onion Garlic & Red Wine Rub,487,3,197
Beef Roast With Mustard And Black Pepper,579,2,35
Beef Tender Blade Roast,409,4,181
Thawed Seafood Marinara Mix,509,1,130
Beef Mini Rump Roast No Added Hormone,374,1,134
Beef Family Roast,504,1,14
Fresh Seafood Salad,555,2,200
No Added Hormone Beef Brisket Point End Large Piece,236,2,118
Thawed Arrow Squid Rings,113,2,127
No Added Hormone Beef Short Rib Fingers,405,2,88
Beef Graze Grass Fed Roast Slow Cook,397,3,65
No Added Hormone Beef Butterflied Texan BBQ,490,1,212
Bulk Corned Silverside,194,2,87
Beef Rolled Roast Oyster Blade,578,4,58
Australian Beef Brisket Schnitzel With Golden Crumb 2Pack,222,4,85
No Added Hormone Beef Steak Crumbed,495,1,185
Plant Based Burger Patties,74,4,132
Schnitzel Original Plant Based 2 pack,745,4,192
Plant Based Burgers 4 Pack,501,4,50
Beef Stir Fry Strips,22,4,30
Beef Diced,587,3,95
Graze Grassfed Beef Stir Fry,720,4,23
Diced Casserole,610,1,56
Beef Mince,88,3,41
Sliced Silverside,557,3,176
Beef Stir Fry Free Range Organic,764,3,29
Graze Lamb Forequarter Chops,540,3,147
Herb Crusted Lamb Rack,719,1,18
Bulk Lamb Cutlets Rr 11x9,666,1,136
Lamb Cutlets,86,1,101
Butcher Extra Trim Lamb Cutlets,624,4,200
Lamb Meat Bones,776,3,192
Lamb Kidneys,199,3,155
Lamb Hearts,350,1,206
Lamb Fry,285,3,98
Lamb Shanks 2 pack,378,3,205
Lamb Boneless Shank Meat,772,4,202
Lamb Shanks Family Pack,697,1,3
Free Range Pork Mince,71,3,87
Free Range Pork Belly Slices 11X5,273,1,54
Free Range Pork Leg Roast Boneless,70,2,128
Free Range Pork Loin Chops,206,3,39
Free Range Pork Loin Medallions,201,2,104
RSPCA Approved Free Range Pork Sirloin Steaks With Green Herb & Garlic,426,1,107
Pork Kiev With Katsu Sauce,689,4,132
Slow Cooked Pork Knuckle,117,2,20
Butterflied Pork Shoulder With Lemon & Herb,204,3,207
Pork Belly Slices With Sweet Soy Glaze,73,3,184
Pork Loin Steaks With Thyme & Black Pepper Butter,70,3,30
Pork Loin Roast With Herbs & Spices,690,3,138
Pork Belly With Salt And Pepper,501,2,3
Pork Loin Chops With Garlic & Herb Sprinkle,594,3,31
Pork Loin Chops With Sweet And Smokey Crumb,461,4,122
Pork Scotch Steaks With Hoisin,732,1,211
Pork Spare Ribs,324,1,69
Quick Cook Pork Belly Slices,638,4,166
Hickory BBQ Pork Ribs,124,3,157
Tasmanian Salmon Portions Skin On,28,3,149
Tasmanian Salmon Portions Skin Off 4 Pack,151,2,139
Tasmanian Salmon Portions Skin Off 2 Pack,152,3,71
Tasmanian Salmon Portions Skin On 2 Pack,205,2,115
Tasmanian Smoked Salmon,634,3,176
Hot Smoked Salmon Cracked Pepper,430,2,206
Sliced Smoked Salmon,602,1,171
Smoked Salmon,699,1,82
Salmon Portions Skin On,571,2,26
Hot Smoked Salmon Natural,15,4,167
Prawns Raw Peeled,88,2,23
Australian Whiting Mini Fillets With Plain Crumb,203,2,139
Australian Garlic Prawns In A Garlic And Herb Marinade,399,2,31
Tasmanian Salmon Diced,453,1,171
Hot Smoked Salmon Cracked Peppercorn,380,3,90
Tasmanian Cold Smoked Salmon,493,2,159
Tasmanian Smoked Salmon Pieces For Cooking,578,3,7
Premium Cold Smoked Salmon,374,3,9
Tasmanian Salmon Portions With Lemon & Herb Crumb,48,4,41
Australian Barramundi Portions,408,4,124
Surimi Sea Sticks,583,4,18
Basa Portions Skin Off 2 Pack,165,2,105
Sliced Smoked Ocean Trout,553,2,87
Tasmanian Smoked Salmon Premium Selection,334,4,191
Cooked Prawns With Cocktail Sauce,204,1,81
Mussels Natural,571,1,182
Tasmanian Salmon Marinated Portions Teriyaki,523,4,16
Premium Blue Swimmer Crab Meat,266,4,86
New Zealand King Salmon Beech Wood Smoked Slices,272,4,89
Mini Blinis,125,1,202
Mussels Garlic,524,2,13
Premium Tasmanian Wood Roasted Salmon Blackened Spice,568,4,152
Australian Saddletail Snapper Portions,351,3,6
Hot Smoked Salmon Sweet Chilli,23,4,36
Tasmanian Smoked Trout,568,1,173
Premium Wood Roasted Salmon Portion,725,1,170
Hot Smoked Salmon Portion Pepper,167,4,41
New Zealand King Salmon Manuka Wood Smoked Slices,286,1,199
Black Lumpfish Caviar,762,2,115
Tasmanian Smoked Salmon With A Hint Of Lemon,564,3,12
Crumbed Squid Salt Pepper,699,3,117
Marinated Octopus Original,104,2,193
Pork Sirloin Steak,348,2,105
Pork Sizzle Steaks,311,1,59
Pork Loin Steaks Thin Cut,527,1,116
Pork Scotch Fillet Steak,158,3,170
Pork Fillet,384,4,184
Bismarck Herring,560,1,22
Yellowfin Tuna,293,2,27
Australian Saddletail Snapper Portions Skin Off,274,4,169
Crumbed Fish Bites Salt & Pepper,774,4,161
Premium Fresh Tasmanian Ocean Trout Portions Skin On 2pack,99,1,117
Pink Ling,190,4,192
Murray Cod Portions Skin On 2 Pack,692,3,141
Entertaining Norwegian Smoked Trout,82,4,95
Wood Smoked Mussels Garlic,756,4,102
Vodka Cranberry Salmon,334,3,75
Australian Raw Banana Prawn Cutlets,113,1,123
Spanish Mackerel,491,1,138
Scallops Roe On,423,4,38
Banana Prawn Meat,737,3,166
Sardine Fillets,383,2,143
Swordfish,171,1,64
New Zealand Pink Snapper Skin On,629,2,25
Flathead Fillets,378,4,152
Fried Fish Balls,241,1,166
Pink Lady Apples,137,4,150
Pink Lady Apples Prepacked,621,2,32
Granny Smith Medium Apples,435,3,173
Royal Gala Apples Loose,295,3,28
Granny Smith Apples Prepacked,231,2,49
Apples Mini 1kg,23,1,209
Royal Gala Apples Prepacked,554,4,4
Jazz Apples,43,1,100
Bravo Apples,407,4,43
Modi Apples Prepacked,765,4,14
Organic Royal Gala Apples Prepacked,465,1,149
Bananas,684,1,134
Kids Pack Bananas,723,1,141
Organic Bananas,698,2,210
Lady Finger Bananas,606,1,49
Drinking Coconut,500,1,169
Turkey Mince,306,2,171
RSPCA Approved Chicken Breast Mince,558,4,4
RSPCA Approved Chicken Mince,615,3,51
Turkey Breast Mince,388,4,86
White Seedless Grapes Loose,103,3,211
Red Seedless Grapes,70,4,184
Black Grapes,117,1,47
White Seedless Grapes Prepacked,224,4,30
Red Seedless Grapes Prepack,565,1,12
Lamb Mince,247,4,80
Medium Lemons,272,1,145
Limes Medium Loose,118,3,141
Medium Lemons Prepacked,747,2,101
Limes,546,3,166
Sausage Mince,556,3,125
Fresh Western Australia Barramundi Portions Skin On,455,2,56
Fresh Tasmanian Salmon Portions Skin On,171,2,132
Thawed Barramundi Fillets,709,3,5
Thawed Basa Fillets,348,2,197
Fresh Tasmanian Salmon Portions Skin Off,3,3,119
Fresh Tasmanian Salmon Portions Lemon & Herb,358,1,36
Thawed Australian Cooked Black Tiger Prawns Extra Large,680,3,187
Thawed Australian Cooked Black Tiger Prawns Medium,533,2,114
Thawed Australian Msc Raw Banana Prawns,447,2,144
Thawed Cooked Prawn Plate Small,782,2,210
Thawed Cooked Vannamei Prawns,77,1,179
Thawed Australian Cooked Black Tiger Prawns Large,374,2,105
Thawed Prawn Skewers Sweet Chilli,780,4,1
Thawed Peeled Chilli Prawns,600,3,84
Herrings Pickled Fillets,584,2,40
Herrings Matjes Fillets,220,1,68
White Horseradish,177,3,36
Hass Avocados,312,4,35
Organic Avocados,166,1,84
Strawberries Prepacked,136,3,29
Blueberries Prepacked,146,4,127
Raspberries,608,4,137
Blackberries Prepacked,771,4,97
Premium Blueberries Prepacked,435,1,202
Blueberries,49,4,63
Premium Strawberries Prepacked,285,3,141
Cherries Gift Pack 1kg,58,4,34
Organic Strawberries,498,2,122
Cherries Prepack,336,3,44
Krimsonberries,446,4,17
Blackberries,556,1,178
Large Grapefruit Ruby Red,171,2,0
Green Kiwifruit,8,3,22
Gold Kiwifruit,744,3,111
Gold Kiwifruit Prepacked,689,2,165
Green Kiwifruit Prepack,590,4,154
Afourer Mandarins,19,4,46
Kids Size Mandarins Prepacked,603,1,203
Murcott Mandarins Medium,725,4,140
Amour Mandarins,459,3,177
Mandarins Prepack,680,3,113
Seedless Watermelon Cut,691,4,106
Rockmelon Whole,553,3,10
Rockmelon Half,544,4,88
Half Honeydew Melon,281,2,58
Watermelon Seedless Whole,242,4,106
Honeydew Melon Whole,489,2,106
Orange Candy Melon,663,1,100
Piel De Sapo Melon Medium,712,1,37
Melon Honeydew Gold Medium,190,1,106
Melon Honeydew Gold Half,479,1,186
Piel De Sapo Melons Half,296,2,101
Half Orange Candy Melon,550,2,10
Passionfruit,294,2,67
Kensington Pride Mangoes,104,1,81
R2E2 Mangoes,203,2,0
Kensington Pride Mangoes Prepacked,390,3,93
I'm Perfect Mangoes Prepacked,509,1,174
Packham Pears,332,1,24
Packham Pears 1kg,73,3,128
Beurre Bosc Pears,509,4,117
Josephine Pears,380,2,39
I'm Perfect Pears Prepacked,365,2,189
Brown Nashi Pears,64,1,60
Green Asparagus,611,4,35
Mini Asparagus,434,2,200
Fennel,508,1,47
Asparagus Entertainer Large,569,3,100
Organic Green Asparagus,696,3,165
Artichoke Globe Medium,756,1,171
Medium Navel Oranges,539,3,66
Navel Oranges,189,3,47
Navel Oranges Prepacked,598,3,75
Blood Oranges,401,2,179
Asian Pak Choy,91,4,27
Asian Buk Choy,174,4,2
Asian Sum Choy,205,1,170
Yellow Peaches,229,1,209
Green Kale,457,3,83
Half Red Cabbage,72,2,207
Brussels Sprouts loose,326,2,109
Mini Red Cabbage,429,1,13
Drumhead Cabbage Mini,229,3,125
Mini Savoy Cabbage,210,3,161
Brussels Sprouts Prepacked,264,4,153
Wombok Chinese Cabbage Whole,59,2,45
Topless Pineapple,93,3,13
Topless Pineapple Half,617,4,171
Carrots Prepacked,449,3,157
Carrots Loose,757,4,8
Baby Carrots Prepacked,274,2,34
Organic Carrots Prepacked,241,3,140
Juicing Carrots,729,4,188
Parsnips Loose,475,2,150
Snacking Carrots,395,1,66
Baby Carrots,54,4,112
Sweet Corn Prepacked,585,4,131
Sweet Corn,182,2,87
Corn Cobettes,354,4,90
Baby Sweet Corn Prepacked,287,1,199
Organic Sweet Corn,222,3,75
Beetroot Loose,211,3,43
Baby Beetroot Prepacked,651,4,27
Prepacked Organic Beetroot,422,4,138
Broccoli,140,1,111
Purple Eggplant,615,3,63
Hokkien Noodles,658,3,13
Tri Colour Capsicum Pack,259,1,135
Baby Broccoli,701,4,143
Cauliflower Medium,225,4,65
Broccolini Family Pack,470,4,14
Half Cauliflower,530,1,149
Organic Broccoli Prepacked,562,1,190
Purple Baby Broccoli,688,1,181
Organic Baby Broccoli,515,2,3
Organic Cauliflower Prepacked,492,1,32
Red Capsicum,104,4,41
Green Capsicum Loose,408,1,12
Yellow Capsicum,490,3,213
Red Cayenne Chillies,169,1,83
I'm Perfect Mixed Capsicums,257,3,115
Green Cayenne Chillies,660,1,86
Birdseye Chillies,504,1,173
Green Cayenne Chillies Prepacked,361,1,164
Fresh Chillies Mixed,145,4,137
Iceberg Lettuce,259,4,204
Sweet Pointed Capsicums,83,4,197
Baby Cos Lettuce,484,2,117
Organic Baby Capsicums,283,2,34
Shredded Iceberg Lettuce,286,2,39
Green Oak Lettuce,57,3,146
Decorative Butter Lettuce,34,4,213
Celery,754,4,145
Celery Sticks Prepacked,575,2,158
Fresh Celeriac Bunch,676,3,17
Cup Mushrooms Prepacked,562,3,210
Sliced White Mushrooms Prepacked,675,1,106
White Button Mushrooms Prepacked,504,2,80
Organic White Mushroom,483,4,49
Sliced Brown Mushrooms Prepacked,398,2,78
White Flat Mushrooms Prepacked,755,2,126
Exotic Shiitake Mushrooms Prepacked,265,4,127
Enoki Mushrooms Exotic,21,4,142
Brown Mushrooms Prepacked,680,1,158
Mushroom Dry Shiitake,420,1,182
Lebanese Cucumbers,416,2,184
Baby Cucumbers Prepacked,779,1,132
Continental Cucumber,303,1,163
Green Cucumber,244,4,88
Organic Lebanese Cucumbers Prepacked,632,4,124
Organic Baby Spinach,556,4,174
Organic Baby Salad Leaves Lettuce Mix,66,4,78
Organic Green Beans Prepacked,165,1,210
Organic Brushed Potatoes Prepacked,49,1,32
Organic Snacking Tomatoes,452,1,126
Organic Sweet Potatoes Prepacked,702,4,137
Organic Pak Choy Bunch,305,1,16
Organic Chopped Kale,644,4,97
Organic Iceberg Lettuce,296,2,173
Organic Leek,28,2,34
Organic Baby Cos Lettuce,650,2,99
Organic Stir Fry,730,1,40
Garlic loose,258,3,179
Ginger loose,297,2,132
Garlic Cloves Prepacked,623,3,85
Garlic Paste,628,2,47
Sweet Gold Potatoes Loose,15,3,115
White Potatoes Prepacked,705,4,128
Brushed Potatoes,278,4,13
Creme Gold Washed Potatoes Loose,627,2,9
Baby White Potatoes Prepacked,574,3,106
Potatoes Prepacked,512,4,56
Gold Sweet Potatoes Prepacked,454,4,5
Creme Royale Brushed Potatoes loose,665,4,4
Carisma Washed Potatoes Prepacked,242,1,161
Baby Red Royale Potatoes Prepacked,305,3,55
Baby Carisma Potatoes Prepacked,120,4,181
Coles Spudlite Baby Potato,458,2,155
Brushed Baby Potato,457,2,157
Dutch Cream Brushed Potatoes Loose,102,1,36
Kitchen Australian Diced Butternut Pumpkin,767,1,136
Kitchen Vegetables Baby Potatoes Herb Butter,533,1,51
Kitchen Creme Royale Potato Mash,254,3,127
Rhubarb Bunch,424,1,14
Brown Onions Prepacked,527,3,188
Brown Onions Loose,16,4,129
Red Onions Loose,652,2,163
Spring Onions,726,3,116
Red Onions Prepacked,56,4,213
Leeks,399,1,204
Rosalee Pink Onions Prepacked,459,4,97
Greenhouse Truss Tomatoes,778,2,143
Green Zucchini,402,3,176
Grape Perino Tomatoes Prepacked,136,4,41
Field Tomatoes Loose,636,4,163
Cherry Tomatoes Prepacked,277,3,199
Roma Tomatoes Loose,77,3,148
Vine Ripened Cherry Tomatoes Prepacked,106,3,2
Perino Gold Tomatoes Prepacked,329,3,37
Cocktail Truss Tomatoes,678,3,36
Gourmet Tomatoes Prepacked,182,1,180
Tiny Tomatoes,571,3,54
Mix-A-Mato Grape Tomatoes,439,1,111
Green Beans Prepacked,398,3,173
Snow Peas Medium Prepacked,299,2,136
Trimmed Green Beans Prepacked,566,3,103
Sugar Snap Peas Prepacked,730,2,15
High Protein Light Milk,408,1,133
Lite Reduced Fat Milk,343,4,114
Skim Milk Bottle,146,3,104
Lite Milk Bottle,57,3,155
Skim Milk,656,1,38
Lite White Reduced Fat Milk,42,4,143
Light Milk,779,4,47
Smarter White Milk,73,4,84
Wrapped Butternut Pumpkin,590,1,5
Kent Pumpkin Cut,14,1,179
Butternut Pumpkin Whole,254,2,62
Kent Pumpkin Whole,528,1,62
Zymil Full Cream Milk,700,2,79
No Fat Milk,59,3,175
Organic Lite Milk,677,4,157
Gold Organic Milk,578,2,22
Pasteurised Goats Milk,160,4,129
Lactose Free Full Cream Milk,474,3,31
Lactose Free Light Milk,416,1,62
Goats Milk Carton,684,2,33
Unsweetened Rice Milk,543,3,147
Remilk Lactose Free Full Cream Milk,160,2,24
Full Cream Milk,549,4,141
Notmilk Low Fat Plant Based Milk,348,3,28
Spinach Bunch,60,3,157
Radish,440,4,6
Swedes Loose,695,3,150
Fresh Turnips,287,4,76
Free Range Eggs 12 pack,268,2,139
Natural Living Eggs Free Range 12 pack,721,1,199
Free Range Large Eggs 12 pack,583,2,114
Queen Foodbank Free Range Eggs 12 pack,495,1,111
Pastured Free Range Eggs 12 Pack,329,1,167
Free Range Poaching Eggs 12Pack,100,1,75
Vitamin D3 Enriched Free Range Eggs 12 Pack,77,1,152
Free Range X Large Eggs 6 pack,64,1,78
High Protein Full Cream Milk,689,4,189
Multi Nutrient Full Cream Milk,373,4,72
Dairy Full Cream Milk,313,3,139
Iced Coffee Lactose Free,255,3,13
Zymil Lactose Free Chocolate Flavoured Milk,432,4,132
Chocolate Flavoured Milk,400,4,141
Plus NSA Chocolate Flavoured Milk,510,4,71
Iced Coffee Soy Milk,300,1,6
Regular Strength Iced Coffee,375,2,210
Iced Coffee Double Espresso,442,4,185
Triple Espresso No Added Sugar,313,1,34
Caramel Latte Flavoured Milk,326,4,79
Whole Chocolate Almond Milk,332,3,155
Good Sport Chocolate,21,1,27
Kids Banana Flavoured Milk,620,4,125
Classic Vanilla Slice,678,2,116
Iced Chocolate No Added Sugar Flavoured Milk Bottle,377,3,188
Brown Sugar With Tapioca Pearls,207,4,147
Mega Hit Iced Coffee Latte,60,3,160
Raw Ice Coffee Flavoured Milk,310,3,102
Smooth & Milky Chocolate,760,3,2
Oat Latte,493,3,92
Regular Soy Milk,157,3,183
Dairy Soy Light Calcium Plus,284,3,59
Chocolate Soy Milk,697,1,112
So Good Unsweetened Almond Milk,222,2,37
So Good Chilled Original Almond Milk,177,3,117
So Good Chilled Regular Soy Milk,675,3,85
Soy Lite Milk,574,3,186
Organic Unsweetened Almond Milk,293,1,74
Unsweetened Almond Milk,386,1,168
Organic Activated Almond Milk,55,2,108
Organic Almond & Coconut Milk,213,3,196
Creamy Almond Milk,498,1,46
Extra Creamy Almond Milk,237,1,19
Milky Almond Milk,225,2,64
Cage Free Large Eggs 18 pack,271,1,8
Cage Free Eggs 12Pack,555,3,203
Barn Laid Extra Large Eggs 12 pack,674,4,20
Free Range Eggs 18 pack,727,3,42
Liberty Cage Free Eggs 12 pack,204,4,175
Liberty Cage Free Eggs 15 Pack,212,4,190
Cage Free Eggs 18Pack,740,3,98
Organic Free Range Eggs 12 Pack,679,3,26
Organic Eggs 12 pack,506,1,58
Vegetarian Free Range X Large Eggs 12 pack,473,4,144
Eco Organic Free Range Large Eggs 6 pack,406,2,32
Dairy Cheese Tasty,499,1,118
Prosciutto,29,2,144
Cheddar Block,258,3,60
Tasty Cheese Block,34,4,212
Tasty Block,303,1,185
Cheese Block Tasty,360,4,203
Dairy Tasty Cheese Block,719,1,147
Parmesan Cheese Block,626,1,40
Strong & Bitey Dairy Cheese Vintage Block,3,4,187
Extra Sharp Parmesan,412,2,110
Grana Padano Aged 14 Months,768,2,117
Vintage Cheese Block,697,3,26
Extra Tasty Cheddar Cheese Block,380,4,194
Mozzarella Ball,327,1,22
Spanish Iberico,408,4,51
Little Entertainers Summer Fruits,781,4,107
Little Entertainers Club Vintage Trilogy,357,2,202
Spanish Goats Cheese,133,3,213
Comte 8 Months,53,3,126
Red Storm,50,1,53
Delre Mini Chol,568,1,201
Club Cheddar Trilogy Roasted Onion & Chive Vintage Smoked,211,3,96
Red Leicester,55,1,3
Club Cheddar Smoked,268,1,11
Three Peaks Tassie Trio Cheese,697,3,17
Smoked Red Leicester,413,2,154
Spanish Red Wine Cheese,9,4,184
Black Bomber,114,2,167
IL Truffelino Cheddar Cheese With Truffle,248,3,119
Vintage Eddington Cheddar,447,2,97
Celtic Red Vintage Leicester,362,2,136
Cheddar Portion,567,1,46
Smoked Cheddar Cheese,204,3,97
Regular Cream Cheese Block,28,2,113
Soft Cream Cheese Tub,518,2,35
Sweet Chilli Pourover,316,4,131
Regular Cream For Cooking,381,3,99
Dairy Cream Cheese Original Block 2 Pack,584,1,116
Cream Cheese Spread Original,256,2,169
Light Cream Cheese Tub,775,1,152
Spreadable Light Cream Cheese Tub,428,4,79
Portions Cream Cheese Original Spread,557,4,106
Portions Cream Cheese Light Spread,53,1,122
Cream Cheese,1,1,164
Light Cream Cheese Block,588,2,183
Cheese Cream,667,2,188
Original Spreadable Cheddar Cheese,114,1,154
Portions Cream Cheese Garlic Spread,767,3,192
Soft Spreadable Quarg Cheese,760,1,127
Double Brie,479,3,149
Camembert,317,2,149
Low Fat Creamed Cottage Cheese,348,2,0
Smooth Ricotta,494,3,112
Dairy Low Fat Plain Cottage Cheese,456,4,92
Triple Cream Brie,634,3,209
Dairy Cheese Camembert Wrapped,495,4,202
Dairy Cheese Brie Wrapped,506,1,212
Double Cream Camembert,258,2,4
Light Ricotta,341,4,0
Original Ricotta Soft Cheese,189,4,101
Spanish Manchego,454,3,130
Ash Brie,258,4,45
Original Ricotta Soft Cheese Tub,548,4,150
Double Cream Brie,610,2,135
Triple Cream Brie Oval,26,2,194
Dairy Low Fat Onion & Chives Cottage Cheese,690,2,135
Mascarpone,235,4,190
Classic Cottage Cheese,40,2,196
Aged Havarti,93,1,26
Emmentaler Aop,248,1,190
Goats Cheese Wedge,511,4,180
Natural Wood Cold Smoked Havarti Cheese Block,385,2,159
Classic Cottage Cheese Lactose Free,661,4,44
Pate,526,4,182
Cheese Camembert,420,3,160
Triple Cream Camembert,603,2,175
Double Cream Brie Chilli,379,1,146
Truffle Brie,121,4,36
Selections Ash Brie,271,3,9
Saganaki,82,1,66
Black Label Brie,217,3,187
Triple Cream Cheese,403,1,101
Triple Cream,434,4,38
Little Entertainers Camembert,241,4,122
Cheese Shredded Tasty,210,2,18
Mozzarella Shredded Cheese,257,4,145
Cheese Shredded Tasty Light,767,2,36
Pizza Blend Shredded Cheese,201,1,33
Grated Parmesan Cheese,620,4,99
Shredded Tasty Cheese,628,4,191
Shredded Parmesan Cheese,18,3,17
Grated Parmesan,51,3,138
Shaved Parmesan,679,1,114
Perfect Pizza Grated Cheese,344,1,42
Dairy Cheese Extra Sharp Grated Parmesan,229,2,137
Cheese Shredded Mozzarella,459,1,118
Dairy Tasty Grated Cheese,556,1,210
Australian Shredded Pizza,247,1,115
Shredded Mozzarella,696,1,82
Mini Cheese Original Protein 5 Pack,243,4,39
On The Go Tasty Cheese & Cranberry Sunflower Crackers,552,1,174
Stacker Chicken Cheese & Rice Crackers,192,1,105
Munchables Cheese & Rice Crackers 4 Pack,233,1,13
Duos Mild Twiggy Bites And Cheese,726,1,192
Light Cheese & Crackers,312,4,191
Tasty Cheddar & Rosemary & Rock Salt Lavosh Crackers,260,1,94
Vintage Cheese & Crackers,730,4,105
Caramelised Onion Lunch Pack,762,4,128
Tasty Cheese Bites & Mini Preztels,436,3,148
Tasty Cheese Sticks 8 pack,626,2,25
Tasty Cheese & Crackers,210,2,179
Classic Marinated Fetta,98,1,151
Cheese Marinated Persian Fetta,661,1,72
Fetta Smooth,728,2,203
Greek Feta Cheese,117,1,175
Authentic Greek Feta,450,4,11
Greek Feta Cheese Lactose Free,345,1,43
Elco Feta Cheese,186,1,193
Cheese Salted Honey Cow,652,1,161
Dairy Fetta Basil Pesto,671,2,76
Goat Cheese,640,1,157
Cheese Persian Fetta Dill & Chive,554,2,201
Fetta Traditional,281,1,202
Quince Paste,245,4,202
4 Piece Cheese Selection Platter,692,4,168
Quince & Champagne Paste,22,3,5
Spanish Quince Paste,203,4,150
Taste of Tassie Cheese Selection,1,3,87
Goats Cheese Chevre,776,4,95
Cheese Apricot & Almond,250,3,15
Honey & Pistachio Cream Cheese,570,1,61
Cheese Spring Onion & Chive,389,1,162
French Goat's Cheese,438,4,67
Apricot & Almond Cream Cheese,555,1,179
Reduced Salt Haloumi,206,1,4
Dairy Organic Haloumi Cheese,416,2,80
Cherry Bocconcini Cheese,526,2,15
Burrata,395,4,176
Original Bocconcini Cheese,186,2,60
Haloumi Slices,665,1,182
Twin Packs Haloumi,464,4,109
Foods Dairy Cheese Paneer,339,1,201
Dairy Haloumi Basil,708,4,33
Haloumi Block,719,2,57
Roasted Garlic And Rosemary Haloumi,32,1,124
Haloumi,417,3,93
Flip Strawberry Shortcake Yoghurt,193,1,111
Flip Almond Coco Loco Yoghurt,325,4,27
Petit Miam Squeezie Strawberry Yoghurt Pouch,8,2,67
Kids Greek Strawberry Yoghurt Pouch,689,2,12
Multi Flavoured Classic Yoghurt 12 x100g,326,1,128
Classic Yoghurt 6x160g,408,2,85
Strawberry Yoghurt,26,1,94
Kids Yoghurt Pouch Limited Edition,204,2,8
YoPro Strawberry Yoghurt,482,1,65
Low Fat Field Berries Yoghurt 4x125g,42,1,132
Fit Blueberry Yoghurt Pot,122,4,26
Tasty Cheese Slices 24 Pack,230,2,165
Dairy Natural Tasty Cheese Slices 30 Pack,55,2,71
Cheese Slices Processed,393,3,19
Tasty Natural Cheese Slices 15 pack,204,1,58
Strong & Bitey Natural Vintage Slices,162,4,102
Tasty Cheese Slices,80,4,118
Cheese Slices Swiss,586,4,83
Tasty Slices,27,3,23
Dairy Swiss Lite Cheese Slices,600,2,40
Original Cheese Block,280,4,38
Aussie Jack Cheese Slices,122,4,95
Mozzarella Cheese Block,490,4,181
Organic Cheddar Slices,249,4,151
Colby Cheese Slices,9,2,13
Greek Style Protein Yogurt,187,4,83
Kids Yoghurt Strawberry Red,721,4,187
Kids Yoghurt Strawberry Pink,771,4,4
Greek Yogurt Vanilla,91,3,174
Strawberry Yoghurt Pot,612,1,45
Passionfruit Twist Yoghurt,410,3,85
Yopro Mango Yoghurt,292,2,154
YoPro Passionfruit Yoghurt,200,2,109
Flip Mint Chocolate Chip Yoghurt,555,3,8
Dairy Strawberry Yoghurt,529,1,54
Blueberry Yoghurt Pot,47,4,157
Kids Lactose Free Vanilla Yoghurt Pouch,331,3,91
Blueberry Yoghurt Pouch,323,4,90
Thick & Creamy Mango Passionfruit Yoghurt,595,3,121
Greek Style Yoghurt,142,1,89
Pot Set Creamy Vanilla Yoghurt,252,3,163
The One White Sandwich Bread,388,3,168
White Bread + Vitamins & Mineral,488,2,211
The One White Toast Bread,174,1,157
White Bread,242,4,24
White Bread + Vitamins Toast,74,3,86
High Fibre White Sandwich Bread,462,4,89
Mini Loaf White Sandwich Vit Min,7,1,179
Bakery Light Rye Bread,667,1,67
Light Rye Bread,81,2,188
Traditional Rye Bread,725,2,124
Gluten Free Farmhouse Soft Brown Bread Loaf,307,4,138
Sourdough Bread,529,3,129
85% Lower Carb High Protein Loaf,385,3,51
50% Lower Carb 5 Seeds Loaf,415,4,83
Happy Gut Wholemeal,712,2,145
Low Carb Bread,595,3,197
Happy Gut Multigrain,761,2,6
Mud Cake,616,2,125
White Mud Cake,775,2,63
Cream Filled Dusted Sponge Cake,734,3,205
Caramel Mud Cake,771,3,183
Sponge Unfilled Rectangular,649,1,35
Chocolate Unfilled Sponge,685,3,19
Light Fruit Cake,107,3,179
Lightly Fruited Sultana Cake,573,4,177
Dark Fruit Cake,767,1,14
Mini Chocolate Chip Muffins,385,2,188
Banana Muffins,220,3,37
Blueberry Mini Muffins,485,3,61
Blueberry Muffins,572,2,143
Double Chocolate Mini Muffins,2,3,2
Chocolate Chip Muffins,287,1,26
Chocolate Chip Muffin Bars,777,3,0
Yoghurt Blueberry,357,3,23
Yoghurt Vanilla,436,4,86
Yoghurt Coffee,457,1,201
Traditional Stone Mill Wholemeal Bread,398,3,163
Country Split Wholemeal Bread,750,1,177
Continental Bakehouse Wholemeal Grain Bread,76,4,150
Mini Loaf Traditional Wholemeal,135,4,205
10 Grains & Seeds Wholemeal Square Bread Loaf,647,3,190
Soft Wholemeal Sandwich Bread Loaf,75,3,95
Mixed Grain Bread,589,3,101
High Fibre Multigrain Bread,251,1,3
9 Grain Original Bread,426,1,158
Bakery Harvest Seeds And Grain Bread,9,4,162
Soy & Linseed Bread,272,2,36
Pumpkin Five Seed Bread,441,4,213
Gluten Free White Bread Slices,387,4,163
Bakery Gluten Free Mixed Seeds Bread,638,2,160
Gluten Free Mixed Grain Bread,153,2,189
Bakery Gluten Free Farmhouse Wholemeal Bread,69,3,185
Bakery Gluten Free Soy And Linseed Bread,435,4,205
Bakery Gluten Free Rustic White Bread,195,3,101
Gluten Free 5 Seeds Bread,53,1,127
IM Free From Fruit Loaf,666,2,15
Gluten Free Soy & Linseed Bread,94,4,177
Village Bakery Gluten Free Sourdough Grain And Seeds,459,2,12
The One Gluten Free Smooth Wholegrain,530,3,149
Chocolate Party Cake 16 Slices,404,1,136
95% Sugar Free Banana Bread Slices,197,2,37
95% Sugar Free Iced Carrot Cakes,618,3,69
Red Velvet Cake,497,1,9
97% Sugar Free Iced Funtella Cakes,194,4,190
96% Sugar Free Angel Cake Slices,244,2,9
Vegan Chocolate Tea Cake,118,2,75
Chocolate & Salted Caramel Cake,5,4,156
Angel Slice 6 pack,536,3,105
Chocolate Slices 6 Pack,457,4,34
Mini Rolls Chocolate 5pack,586,4,156
Lemon Slices 6 Pack,40,1,5
Milk Chocolate Cake Bars,552,3,105
Raspberry Mini Rolls 5 pack,761,2,19
Caramel Slice,309,3,89
Caramel Cake Bars,571,3,136
Brownies 5Pack,302,1,213
Milk Chocolate Mini Rolls 18 Pack,292,3,12
Mix Max Cocoa Cakes 10 pack,284,4,210
Snow Drops 8 Pack,653,4,142
French Fancies Selection Cakes 8 Pack,754,2,135
Unicorn Fancies 8 Pack,606,1,35
Hedgehog Slices,553,3,63
Cherry & Almond Bakewells Tarts 6 pack,313,1,202
Rocky Road,617,4,4
Trancetto Cacao Cakes 10 pack,257,2,60
White Chocolate & Raspberry Slice 5 Pack,744,3,12
Mini Chocolate Chip Brownies 5 Pack,87,2,130
Lemon Slice,29,1,65
Chocolate Fudge Brownie Bites 8 Pack,50,4,81
Pistachio Nougat,636,4,16
Chocomallow Caramel Sm'ores Bites 8pack,55,4,185
Lemon Yuzu Bites 8 Pack,263,4,70
Salted Caramel And Roasted Peanut Slice,637,1,107
Slice Chocolate Hedgehog Bites 8 Pack,633,2,180
Country Fruitless Finger Buns 4 pack,131,3,187
Country Finger Buns 4 pack,457,4,19
Banana Bread Slices 5 Pack,116,3,203
Madeira Cake,675,1,187
Bakery Cake Madeira Lemon,565,4,132
Banana Bread,0,3,192
Chocolate Mud Cake Slices 5 pack,759,4,73
Choc Chip Banana Bread Slices 5 Pack,386,1,30
Date & Walnut Slices 5 Pack,614,2,59
Reduced Sugar Banana Bread Slices,653,4,29
Carrot Loaf Cake,172,4,104
Banana Bread Slice,618,2,29
Mixed Berry & Coconut Loaf,552,1,131
Tart Shells,128,4,115
Vol Au Vent 4 Pack,56,1,199
Sweet Pastry Flan,61,1,82
Chocolate Tart Shells,92,2,34
Mini Vol Au Vent,69,1,170
Mini Tart Shells,329,2,13
Bakery Sponge Roll Mini Choc,162,1,145
Mini Jam Rolls,413,2,172
Jam Sponge Roll,598,4,93
Vanilla Mini Cupcakes 9 Pack,185,3,91
Chocolate Mini Cupcakes 9 pack,253,3,194
Cupcakes Red Velvet 4 Pack,14,3,122
Carrot Cupcakes 4 Pack,763,2,74
Cupcakes Cookies & Cream 4 pack,593,3,173
Fantasy Cupcakes 4 Pack,293,3,20
Cupcakes Chocolate 4 Pack,384,1,203
Mixed Cupcakes 6pack,387,2,138
Dream Crumb True Lemon Meringue Cupcake 2 Pack,623,2,6
Dairy Milk Freddo Cupcakes 6 Pack,677,2,46
Dreams Crumb True Chocolate & Caramel Cupcakes 2 Pack,736,1,18
Variety Pack assorted breakfast cereals sachets 8 pack,676,4,64
Up&Go Liquid Breakfast Chocolate Ice 3X250mL,692,4,68
Up&Go Liquid Breakfast Chocolate Ice Fridge Pack 12X250mL,763,1,95
Up&Go Choc Ice Cereal 6X250mL,781,3,141
Up&Go Vanilla Ice Cereal 6X250mL,143,3,148
Up&Go Strawberry Cereal 6X250mL,12,2,58
Up&Go Banana Cereal 6X250mL,670,2,135
Up&Go Liquid Breakfast Choc Ice Cereal No Added Sugar 6X250mL,711,1,189
Up&Go Energize Choc 6X250mL,205,3,34
Full Cream Long Life Milk 6 pack,749,2,10
Up&Go Liquid Breakfast Vanilla Ice Fridge Pack 12X250mL,595,1,74
Up&Go Liquid Breakfast Protein Energize Choc Fridge Pack 12X250mL,459,2,102
Up&Go Energize Coffee 6x250mL,497,4,165
Up&Go Liquid Breakfast Choc Ice No Added Sugar Fridge Pack 12X250mL,784,1,110
Up&Go Liquid Breakfast Strawberry Fridge Pack 12X250mL,529,4,39
Up&Go Liquid Breakfast Banana Fridge Pack 12X250mL,156,1,194
Up&Go Liquid Breakfast Vanilla Ice Cereal No Added Sugar 6X250mL,33,1,154
Bom Chocolate Flavoured Liquid Breakfast 3x250mL,66,3,98
Up&Go Dairy Free Choc 3x250mL,244,2,191
Classic Xo Cocoa Crunch Cereal,776,2,71
Up&Go Energize Vanilla 6x250mL,435,1,45
Up And Go Vanilla Ice Cereal 3x250mL,670,4,193
Up And Go Strawberry Cereal 3x250mL,480,1,146
Up&Go Liquid Breakfast Caramel Fridge Pack 12X250mL,518,3,11
Skim Long Life Milk 6 pack,587,4,45
Breakfast Bakes Honey and Almond Oats 4 pack,74,2,145
Bom Liquid Breakfast Strawberry Flavoured 3x250mL,339,4,213
Just Right Granola Cereal Fusion Almond & Cashew,592,3,19
Up&Go Dairy Free Vanilla 3x250mL,292,1,45
Up&Go Protein Energize Liquid Breakfast Vanilla 12X250mL,423,4,61
Breakfast Peanut Butter Oat Bakes,526,2,74
Bom Liquid Breakfast Vanilla Flavoured 3x250mL,658,3,175
Bom Chocolate Flavoured Liquid Breakfast 6x250mL,352,1,195
Crunchy Nut Clusters Breakfast Cereal,465,1,183
Bom Liquid Breakfast Banana Flavoured 3x250mL,746,4,18
Up&Go Liquid Breakfast Fridge Pack Dairy Free Choc 12X250mL,196,3,32
Breakfast Bakes Apple & Cinnamon Oats 4 pack,34,1,1
Up And Go Banana Cereal 3x250mL,761,4,180
Dairy Free Bom Liquid Breakfast Chocolate Flavoured 3x250mL,683,2,77
Up&Go Liquid Breakfast Vanilla No Added Sugar Fridge Pack 12X250mL,287,2,186
Go Hazelnut Spread With Cocoa Breadsticks Multipack 48g,657,1,3
Up&Go Energize Chocolate Ice 3X250mL,455,3,117
Up&Go Liquid Breakfast Fridge Pack Dairy Free Vanilla 12X250mL,749,2,71
Breakfast Bakes Berry Harvest Oats 4 pack,67,1,40
Quick Oats Cups Creamy Honey,138,2,210
Bom Liquid Strawberry Flavoured Breakfast 6x250mL,202,4,76
Up&Go Liquid Breakfast Choc Ice Cereal No Added Sugar 3X250mL,572,2,68
Bom Liquid Breakfast Caramel Flavoured 3x250mL,196,1,74
Classic Maple Crunch Cereal,409,1,183
Bom Liquid Breakfast Vanilla Flavoured 6x250mL,74,1,152
Bom Banana Flavoured Liquid Breakfast 6x250mL,563,4,152
Classic Honey-O Crunch Cereal,205,2,119
Liquid Brekkie Chocolate 3x250mL,36,1,79
Up&Go Liquid Breakfast Vanilla Ice Cereal No Added Sugar 3X250mL,152,1,95
Just Right Fusion Granola Cereal Cranberry & Apple,605,4,77
Liquid Brekkie Vanilla 3x250mL,13,3,213
Liquid Brekkie Strawberry 3x250mL,567,4,182
Liquid Brekkie Cookies & Cream 3x250mL,498,2,54
Bom Liquid Breakfast Coffee Flavoured 3x250mL,663,4,132
Bom Liquid Breakfast Coffee Flavoured 6x250mL,470,2,204
Bom Liquid Breakfast Caramel Flavoured 6x250mL,269,3,111
Classic Honey Flake Crunch Cereal,272,4,36
Brioche Rolls 8 Pack,194,1,102
Chocolate Chip Brioche Rolls 8 Pack,684,1,81
Brioche Burger Bun,662,1,149
Brioche Sliders 10 Pack,256,4,36
Brioche Loaf Sliced,321,3,198
Split Top Brioche Hot Dog Rolls 6 Pack,182,2,69
Hand Braided Butter Brioche,573,4,213
Brioche Burger Buns,294,2,168
Sliced Brioche Loaf Plain,344,4,73
Pain Au Chocolat 8 Pack,236,2,160
Brioche Swirls With Choc Chips,473,2,136
Brioche Burger Buns With Sesame Seeds 4 Pack,76,2,144
Sliced Brioche Loaf Choc Chip,62,1,122
Choc Chip Brioche Rolls,195,3,31
Rice Bubbles Puffed Rice Breakfast Cereal,432,2,182
Spread,335,2,146
Weet Bix Breakfast Cereal,148,4,112
Special K Gluten Free Breakfast Cereal,633,1,75
Gluten Free Corn Flakes Breakfast Cereal,548,2,210
Pure Australian Honey Squeeze,266,4,199
Weet-Bix Breakfast Cereal,424,4,31
Hazelnut Chocolate Spread,577,1,115
Weet-Bix Bites Wild Berry Cereal,195,1,190
Coco Pops Chocolatey Breakfast Cereal,585,2,132
Corn Flakes Breakfast Cereal,452,1,24
Strawberry Jam,527,2,59
Cereal Corn Flakes,163,3,24
Pure Honey Squeeze,615,1,50
Whole Grain Energy & Fibre Milo Cereal Family Pack,548,1,17
Froot Loops Breakfast Cereal,645,3,190
Coco Pops Chex Chocolatey Breakfast Cereal,282,3,178
Nutri-Grain Protein Breakfast Cereal,646,2,184
Cheerios Multigrains Cereal,671,3,198
Hazelnut Spread With Cocoa,754,3,13
Weet Bix,142,2,121
Weet-Bix Bites Crunchy Honey Cereal,470,2,169
Rice Puffs,353,3,69
Raspberry Jam,386,1,182
Mighty Grain Cereal,102,3,121
Sultana Bran High Fibre Breakfast Cereal,583,3,199